"File Name","File Path","Is Verified Document","Created","Message","Error Message"
"userIcon.jpeg","/home/user/Pictures/Photos/userIcon.jpeg",,,"","Something went wrong! We are not able to verify the file which located in this location /home/user/Pictures/Photos/userIcon.jpeg."
"Screenshot from 2022-12-14 11-18-49.png","/home/user/Pictures/Screenshot from 2022-12-14 11-18-49.png",,,"","Something went wrong! We are not able to verify the file which located in this location /home/user/Pictures/Screenshot from 2022-12-14 11-18-49.png."
"Screenshot from 2022-12-14 13-07-52.png","/home/user/Pictures/Screenshot from 2022-12-14 13-07-52.png",,,"","Something went wrong! We are not able to verify the file which located in this location /home/user/Pictures/Screenshot from 2022-12-14 13-07-52.png."
"Screenshot from 2022-12-14 13-23-30.png","/home/user/Pictures/Screenshot from 2022-12-14 13-23-30.png",,,"","Something went wrong! We are not able to verify the file which located in this location /home/user/Pictures/Screenshot from 2022-12-14 13-23-30.png."
"Screenshot from 2022-12-14 13-23-36.png","/home/user/Pictures/Screenshot from 2022-12-14 13-23-36.png",,,"","Something went wrong! We are not able to verify the file which located in this location /home/user/Pictures/Screenshot from 2022-12-14 13-23-36.png."
"Screenshot from 2022-12-14 15-31-49.png","/home/user/Pictures/Screenshot from 2022-12-14 15-31-49.png",,,"","Something went wrong! We are not able to verify the file which located in this location /home/user/Pictures/Screenshot from 2022-12-14 15-31-49.png."
"Screenshot from 2022-12-14 15-32-01.png","/home/user/Pictures/Screenshot from 2022-12-14 15-32-01.png",,,"","Something went wrong! We are not able to verify the file which located in this location /home/user/Pictures/Screenshot from 2022-12-14 15-32-01.png."
"Screenshot from 2022-12-14 15-32-13.png","/home/user/Pictures/Screenshot from 2022-12-14 15-32-13.png",,,"","Something went wrong! We are not able to verify the file which located in this location /home/user/Pictures/Screenshot from 2022-12-14 15-32-13.png."
"Screenshot from 2022-12-14 15-32-28.png","/home/user/Pictures/Screenshot from 2022-12-14 15-32-28.png",,,"","Something went wrong! We are not able to verify the file which located in this location /home/user/Pictures/Screenshot from 2022-12-14 15-32-28.png."
"Screenshot from 2022-12-14 15-32-34.png","/home/user/Pictures/Screenshot from 2022-12-14 15-32-34.png",,,"","Something went wrong! We are not able to verify the file which located in this location /home/user/Pictures/Screenshot from 2022-12-14 15-32-34.png."
"Screenshot from 2022-12-15 10-37-56.png","/home/user/Pictures/Screenshot from 2022-12-15 10-37-56.png",,,"","Something went wrong! We are not able to verify the file which located in this location /home/user/Pictures/Screenshot from 2022-12-15 10-37-56.png."
"Screenshot from 2022-12-16 12-32-27.png","/home/user/Pictures/Screenshot from 2022-12-16 12-32-27.png",,,"","Something went wrong! We are not able to verify the file which located in this location /home/user/Pictures/Screenshot from 2022-12-16 12-32-27.png."
"Screenshot from 2022-12-16 13-07-28.png","/home/user/Pictures/Screenshot from 2022-12-16 13-07-28.png",,,"","Something went wrong! We are not able to verify the file which located in this location /home/user/Pictures/Screenshot from 2022-12-16 13-07-28.png."
"Screenshot from 2022-12-16 13-08-10.png","/home/user/Pictures/Screenshot from 2022-12-16 13-08-10.png",,,"","Something went wrong! We are not able to verify the file which located in this location /home/user/Pictures/Screenshot from 2022-12-16 13-08-10.png."
"Screenshot from 2022-12-16 13-08-27.png","/home/user/Pictures/Screenshot from 2022-12-16 13-08-27.png",,,"","Something went wrong! We are not able to verify the file which located in this location /home/user/Pictures/Screenshot from 2022-12-16 13-08-27.png."
"Screenshot from 2022-12-16 13-08-36.png","/home/user/Pictures/Screenshot from 2022-12-16 13-08-36.png",,,"","Something went wrong! We are not able to verify the file which located in this location /home/user/Pictures/Screenshot from 2022-12-16 13-08-36.png."
"Screenshot from 2022-12-16 13-08-51.png","/home/user/Pictures/Screenshot from 2022-12-16 13-08-51.png",,,"","Something went wrong! We are not able to verify the file which located in this location /home/user/Pictures/Screenshot from 2022-12-16 13-08-51.png."
"Screenshot from 2022-12-16 13-09-36.png","/home/user/Pictures/Screenshot from 2022-12-16 13-09-36.png",,,"","Something went wrong! We are not able to verify the file which located in this location /home/user/Pictures/Screenshot from 2022-12-16 13-09-36.png."
"Screenshot from 2022-12-16 13-10-42.png","/home/user/Pictures/Screenshot from 2022-12-16 13-10-42.png",,,"","Something went wrong! We are not able to verify the file which located in this location /home/user/Pictures/Screenshot from 2022-12-16 13-10-42.png."
"Screenshot from 2022-12-16 13-11-47.png","/home/user/Pictures/Screenshot from 2022-12-16 13-11-47.png",,,"","Something went wrong! We are not able to verify the file which located in this location /home/user/Pictures/Screenshot from 2022-12-16 13-11-47.png."
"Screenshot from 2022-12-16 13-12-26.png","/home/user/Pictures/Screenshot from 2022-12-16 13-12-26.png",,,"","Something went wrong! We are not able to verify the file which located in this location /home/user/Pictures/Screenshot from 2022-12-16 13-12-26.png."
"Screenshot from 2022-12-16 13-12-38.png","/home/user/Pictures/Screenshot from 2022-12-16 13-12-38.png",,,"","Something went wrong! We are not able to verify the file which located in this location /home/user/Pictures/Screenshot from 2022-12-16 13-12-38.png."
"Screenshot from 2022-12-16 13-13-50.png","/home/user/Pictures/Screenshot from 2022-12-16 13-13-50.png",,,"","Something went wrong! We are not able to verify the file which located in this location /home/user/Pictures/Screenshot from 2022-12-16 13-13-50.png."
"Screenshot from 2022-12-16 13-14-39.png","/home/user/Pictures/Screenshot from 2022-12-16 13-14-39.png",,,"","Something went wrong! We are not able to verify the file which located in this location /home/user/Pictures/Screenshot from 2022-12-16 13-14-39.png."
"Screenshot from 2022-12-16 18-29-04.png","/home/user/Pictures/Screenshot from 2022-12-16 18-29-04.png",,,"","Something went wrong! We are not able to verify the file which located in this location /home/user/Pictures/Screenshot from 2022-12-16 18-29-04.png."
"Screenshot from 2022-12-20 12-46-43.png","/home/user/Pictures/Screenshot from 2022-12-20 12-46-43.png",,,"","Something went wrong! We are not able to verify the file which located in this location /home/user/Pictures/Screenshot from 2022-12-20 12-46-43.png."